sp1,sp2,y,y_tree
YEPE.0221.00005,YEPE.0221.00016,70,70.0
YEPE.0221.00005,YEPE.0221.00035,23,23.33
YEPE.0221.00005,YEPE.0221.00043,24,24.33
YEPE.0221.00005,YEPE.0221.00001,23,22.33
YEPE.0221.00016,YEPE.0221.00035,73,72.67
YEPE.0221.00016,YEPE.0221.00043,74,73.67
YEPE.0221.00016,YEPE.0221.00001,71,71.67
YEPE.0221.00035,YEPE.0221.00043,7,7.0
YEPE.0221.00035,YEPE.0221.00001,18,18.0
YEPE.0221.00043,YEPE.0221.00001,19,19.0
