sp1,sp2,y,y_tree
YEPE.0221.00005,YEPE.0221.00016,69,69.0
YEPE.0221.00005,YEPE.0221.00035,23,23.0
YEPE.0221.00005,YEPE.0221.00043,24,24.0
YEPE.0221.00005,YEPE.0221.00001,23,23.0
YEPE.0221.00016,YEPE.0221.00035,69,69.0
YEPE.0221.00016,YEPE.0221.00043,70,70.0
YEPE.0221.00016,YEPE.0221.00001,69,69.0
YEPE.0221.00035,YEPE.0221.00043,7,7.0
YEPE.0221.00035,YEPE.0221.00001,18,18.0
YEPE.0221.00043,YEPE.0221.00001,19,19.0
